,0
0,<WikipediaPage '2020 Summer Olympics'>
1,<WikipediaPage 'San Marino at the 2020 Summer Olympics'>
2,<WikipediaPage '2020 Summer Olympics Parade of Nations'>
3,<WikipediaPage '2020 Summer Olympics closing ceremony'>
4,<WikipediaPage 'Swimming at the 2020 Summer Olympics – Women's 200 metre individual medley'>
5,<WikipediaPage 'Swimming at the 2020 Summer Olympics – Women's 100 metre breaststroke'>
6,<WikipediaPage 'Swimming at the 2020 Summer Olympics – Men's 400 metre individual medley'>
7,<WikipediaPage 'Swimming at the 2020 Summer Olympics – Women's 4 × 100 metre freestyle relay'>
8,<WikipediaPage 'Swimming at the 2020 Summer Olympics – Women's 200 metre backstroke'>
9,<WikipediaPage 'Swimming at the 2020 Summer Olympics – Men's 400 metre freestyle'>
10,<WikipediaPage 'Swimming at the 2020 Summer Olympics – Men's 200 metre butterfly'>
11,<WikipediaPage 'Swimming at the 2020 Summer Olympics – Men's 800 metre freestyle'>
12,<WikipediaPage 'Swimming at the 2020 Summer Olympics – Men's 100 metre breaststroke'>
13,<WikipediaPage 'Swimming at the 2020 Summer Olympics – Men's 4 × 100 metre freestyle relay'>
14,<WikipediaPage 'Swimming at the 2020 Summer Olympics – Men's 100 metre freestyle'>
15,<WikipediaPage 'Swimming at the 2020 Summer Olympics – Men's 4 × 100 metre medley relay'>
16,<WikipediaPage 'Swimming at the 2020 Summer Olympics – Men's 200 metre freestyle'>
17,<WikipediaPage 'Swimming at the 2020 Summer Olympics – Women's 400 metre freestyle'>
18,<WikipediaPage 'Swimming at the 2020 Summer Olympics – Men's 200 metre backstroke'>
19,<WikipediaPage 'Swimming at the 2020 Summer Olympics – Women's 4 × 200 metre freestyle relay'>
20,<WikipediaPage 'Swimming at the 2020 Summer Olympics – Men's 1500 metre freestyle'>
21,<WikipediaPage 'Swimming at the 2020 Summer Olympics – Men's 200 metre breaststroke'>
22,<WikipediaPage 'Swimming at the 2020 Summer Olympics – Women's 200 metre freestyle'>
23,<WikipediaPage 'Swimming at the 2020 Summer Olympics – Men's 100 metre butterfly'>
24,<WikipediaPage 'Swimming at the 2020 Summer Olympics – Women's 100 metre butterfly'>
25,<WikipediaPage 'Swimming at the 2020 Summer Olympics – Men's 50 metre freestyle'>
26,<WikipediaPage 'Swimming at the 2020 Summer Olympics – Men's marathon 10 kilometre'>
27,<WikipediaPage 'Swimming at the 2020 Summer Olympics – Women's 200 metre butterfly'>
28,<WikipediaPage 'Swimming at the 2020 Summer Olympics – Mixed 4 × 100 metre medley relay'>
29,<WikipediaPage 'Swimming at the 2020 Summer Olympics – Men's 200 metre individual medley'>
30,<WikipediaPage 'Swimming at the 2020 Summer Olympics – Men's 100 metre backstroke'>
31,<WikipediaPage 'Swimming at the 2020 Summer Olympics – Women's 100 metre freestyle'>
32,<WikipediaPage 'Swimming at the 2020 Summer Olympics – Women's 50 metre freestyle'>
33,<WikipediaPage 'Swimming at the 2020 Summer Olympics – Women's 200 metre breaststroke'>
34,<WikipediaPage 'Swimming at the 2020 Summer Olympics – Women's 100 metre backstroke'>
35,<WikipediaPage 'Swimming at the 2020 Summer Olympics – Women's marathon 10 kilometre'>
36,<WikipediaPage 'Judo at the 2020 Summer Olympics – Men's 60 kg'>
37,<WikipediaPage 'Judo at the 2020 Summer Olympics – Women's 70 kg'>
38,<WikipediaPage 'Judo at the 2020 Summer Olympics – Mixed team'>
39,<WikipediaPage 'Judo at the 2020 Summer Olympics – Men's 73 kg'>
40,<WikipediaPage 'Judo at the 2020 Summer Olympics – Women's 48 kg'>
41,<WikipediaPage 'Judo at the 2020 Summer Olympics – Women's 78 kg'>
42,<WikipediaPage 'Judo at the 2020 Summer Olympics – Women's 57 kg'>
43,<WikipediaPage 'Judo at the 2020 Summer Olympics – Men's 81 kg'>
44,<WikipediaPage 'Judo at the 2020 Summer Olympics – Men's 66 kg'>
45,<WikipediaPage 'Judo at the 2020 Summer Olympics – Men's 100 kg'>
46,<WikipediaPage 'Judo at the 2020 Summer Olympics'>
47,<WikipediaPage 'Judo at the 2020 Summer Olympics – Women's +78 kg'>
48,<WikipediaPage 'Judo at the 2020 Summer Olympics – Women's 63 kg'>
49,<WikipediaPage 'Judo at the 2020 Summer Olympics – Men's +100 kg'>
50,<WikipediaPage 'Judo at the 2020 Summer Olympics – Women's 52 kg'>
51,<WikipediaPage 'Athletics at the 2020 Summer Olympics – Men's marathon'>
52,<WikipediaPage 'Athletics at the 2020 Summer Olympics – Women's 200 metres'>
53,<WikipediaPage 'Athletics at the 2020 Summer Olympics – Women's 3000 metres steeplechase'>
54,<WikipediaPage 'Athletics at the 2020 Summer Olympics – Women's discus throw'>
55,<WikipediaPage 'Athletics at the 2020 Summer Olympics – Men's long jump'>
56,<WikipediaPage 'Athletics at the 2020 Summer Olympics – Women's hammer throw'>
57,<WikipediaPage 'Athletics at the 2020 Summer Olympics – Men's 400 metres hurdles'>
58,<WikipediaPage 'Athletics at the 2020 Summer Olympics – Women's pole vault'>
59,<WikipediaPage 'Athletics at the 2020 Summer Olympics – Women's 4 × 400 metres relay'>
60,<WikipediaPage 'Athletics at the 2020 Summer Olympics – Women's 4 × 100 metres relay'>
61,<WikipediaPage 'Athletics at the 2020 Summer Olympics – Men's hammer throw'>
62,<WikipediaPage 'Athletics at the 2020 Summer Olympics – Women's long jump'>
63,<WikipediaPage 'Athletics at the 2020 Summer Olympics – Women's 1500 metres'>
64,<WikipediaPage 'Athletics at the 2020 Summer Olympics – Mixed 4 × 400 metres relay'>
65,<WikipediaPage 'Athletics at the 2020 Summer Olympics – Women's 5000 metres'>
66,<WikipediaPage 'Athletics at the 2020 Summer Olympics – Women's 100 metres hurdles'>
67,<WikipediaPage 'Athletics at the 2020 Summer Olympics – Men's 800 metres'>
68,<WikipediaPage 'Athletics at the 2020 Summer Olympics – Men's 400 metres'>
69,<WikipediaPage 'Athletics at the 2020 Summer Olympics – Men's pole vault'>
70,<WikipediaPage 'Athletics at the 2020 Summer Olympics – Women's shot put'>
71,<WikipediaPage 'Athletics at the 2020 Summer Olympics – Men's discus throw'>
72,<WikipediaPage 'Athletics at the 2020 Summer Olympics – Men's 1500 metres'>
73,<WikipediaPage 'Athletics at the 2020 Summer Olympics – Men's 4 × 400 metres relay'>
74,<WikipediaPage 'Athletics at the 2020 Summer Olympics – Men's 110 metres hurdles'>
75,<WikipediaPage 'Athletics at the 2020 Summer Olympics – Men's 5000 metres'>
76,<WikipediaPage 'Athletics at the 2020 Summer Olympics – Men's 3000 metres steeplechase'>
77,<WikipediaPage 'Athletics at the 2020 Summer Olympics – Women's javelin throw'>
78,<WikipediaPage 'Athletics at the 2020 Summer Olympics – Women's 400 metres'>
79,<WikipediaPage 'Athletics at the 2020 Summer Olympics – Women's 400 metres hurdles'>
80,<WikipediaPage 'Athletics at the 2020 Summer Olympics – Men's shot put'>
81,<WikipediaPage 'Athletics at the 2020 Summer Olympics – Men's javelin throw'>
82,<WikipediaPage 'Athletics at the 2020 Summer Olympics – Men's 20 kilometres walk'>
83,<WikipediaPage 'Athletics at the 2020 Summer Olympics – Women's 800 metres'>
84,<WikipediaPage 'Athletics at the 2020 Summer Olympics – Women's triple jump'>
85,<WikipediaPage 'Athletics at the 2020 Summer Olympics – Men's triple jump'>
86,<WikipediaPage 'Athletics at the 2020 Summer Olympics – Men's 4 × 100 metres relay'>
87,<WikipediaPage 'Athletics at the 2020 Summer Olympics – Women's 20 kilometres walk'>
88,<WikipediaPage 'Athletics at the 2020 Summer Olympics – Men's 50 kilometres walk'>
89,<WikipediaPage 'Athletics at the 2020 Summer Olympics – Men's high jump'>
90,<WikipediaPage 'Athletics at the 2020 Summer Olympics – Women's heptathlon'>
91,<WikipediaPage 'Athletics at the 2020 Summer Olympics – Men's decathlon'>
92,<WikipediaPage 'Athletics at the 2020 Summer Olympics – Women's high jump'>
93,<WikipediaPage 'Gymnastics at the 2020 Summer Olympics – Men's artistic team all-around'>
94,<WikipediaPage 'Gymnastics at the 2020 Summer Olympics – Women's vault'>
95,<WikipediaPage 'Gymnastics at the 2020 Summer Olympics – Men's vault'>
96,<WikipediaPage 'Gymnastics at the 2020 Summer Olympics – Men's rings'>
97,<WikipediaPage 'Gymnastics at the 2020 Summer Olympics – Men's floor'>
98,<WikipediaPage 'Gymnastics at the 2020 Summer Olympics – Men's trampoline'>
99,<WikipediaPage 'Gymnastics at the 2020 Summer Olympics – Women's rhythmic individual all-around'>
100,<WikipediaPage 'Gymnastics at the 2020 Summer Olympics – Women's artistic team all-around'>
101,<WikipediaPage 'Gymnastics at the 2020 Summer Olympics – Women's artistic individual all-around'>
102,<WikipediaPage 'Gymnastics at the 2020 Summer Olympics – Women's trampoline'>
103,<WikipediaPage 'Gymnastics at the 2020 Summer Olympics – Men's horizontal bar'>
104,<WikipediaPage 'Gymnastics at the 2020 Summer Olympics – Men's parallel bars'>
105,<WikipediaPage 'Gymnastics at the 2020 Summer Olympics – Women's artistic qualification'>
106,<WikipediaPage 'Gymnastics at the 2020 Summer Olympics – Women's rhythmic group all-around'>
107,<WikipediaPage 'Gymnastics at the 2020 Summer Olympics – Men's pommel horse'>
108,<WikipediaPage 'Gymnastics at the 2020 Summer Olympics – Women's balance beam'>
109,<WikipediaPage 'Gymnastics at the 2020 Summer Olympics – Women's uneven bars'>
110,<WikipediaPage 'Gymnastics at the 2020 Summer Olympics – Men's artistic qualification'>
111,<WikipediaPage 'Gymnastics at the 2020 Summer Olympics – Women's floor'>
112,<WikipediaPage 'List of gymnasts at the 2020 Summer Olympics'>
113,<WikipediaPage 'Rugby sevens at the 2020 Summer Olympics – Women's team squads'>
114,<WikipediaPage 'Rugby sevens at the 2020 Summer Olympics – Men's tournament'>
115,<WikipediaPage 'Rugby sevens at the 2020 Summer Olympics – Women's tournament'>
116,<WikipediaPage '2020 Women's Rugby Sevens Final Olympic Qualification Tournament'>
117,<WikipediaPage 'Handball at the 2020 Summer Olympics – Men's team rosters'>
118,<WikipediaPage 'Handball at the 2020 Summer Olympics – Women's tournament'>
119,<WikipediaPage '2020 IHF Women's Olympic Qualification Tournaments'>
120,<WikipediaPage '2020 IHF Men's Olympic Qualification Tournaments'>
121,<WikipediaPage 'Handball at the 2020 Summer Olympics – Men's tournament'>
122,<WikipediaPage 'Water polo at the 2020 Summer Olympics – Women's team rosters'>
123,<WikipediaPage 'Water polo at the 2020 Summer Olympics – Women's tournament'>
124,<WikipediaPage '2020 Women's Water Polo Olympic Qualification Tournament'>
125,<WikipediaPage '2020 Men's Water Polo Olympic Qualification Tournament'>
126,<WikipediaPage 'Water polo at the 2020 Summer Olympics – Men's tournament'>
127,<WikipediaPage 'Handball at the 2020 Summer Olympics – Women's team rosters'>
128,<WikipediaPage 'Philippines at the 2020 Summer Olympics'>
129,<WikipediaPage 'Golf at the 2020 Summer Olympics – Men's individual'>
130,<WikipediaPage 'Shooting at the 2020 Summer Olympics – Men's 10 metre air rifle'>
131,<WikipediaPage 'Shooting at the 2020 Summer Olympics – Women's 25 metre pistol'>
132,<WikipediaPage 'Shooting at the 2020 Summer Olympics – Men's 10 metre air pistol'>
133,<WikipediaPage 'Shooting at the 2020 Summer Olympics – Women's 10 metre air pistol'>
134,<WikipediaPage 'Shooting at the 2020 Summer Olympics – Women's 50 metre rifle three positions'>
135,<WikipediaPage 'Shooting at the 2020 Summer Olympics – Women's skeet'>
136,<WikipediaPage 'Shooting at the 2020 Summer Olympics – Mixed 10 metre air rifle team'>
137,<WikipediaPage 'Shooting at the 2020 Summer Olympics – Mixed 10 metre air pistol team'>
138,<WikipediaPage 'Shooting at the 2020 Summer Olympics – Women's 10 metre air rifle'>
139,<WikipediaPage 'Shooting at the 2020 Summer Olympics – Men's skeet'>
140,<WikipediaPage 'Shooting at the 2020 Summer Olympics – Men's 25 metre rapid fire pistol'>
141,<WikipediaPage 'Boxing at the 2020 Summer Olympics – Women's featherweight'>
142,<WikipediaPage 'Boxing at the 2020 Summer Olympics – Men's light heavyweight'>
143,<WikipediaPage '2020 African Boxing Olympic Qualification Tournament'>
144,<WikipediaPage 'Boxing at the 2020 Summer Olympics – Men's super heavyweight'>
145,<WikipediaPage 'Boxing at the 2020 Summer Olympics – Men's lightweight'>
146,<WikipediaPage 'Boxing at the 2020 Summer Olympics – Men's featherweight'>
147,<WikipediaPage 'Boxing at the 2020 Summer Olympics – Men's welterweight'>
148,<WikipediaPage 'Boxing at the 2020 Summer Olympics – Women's middleweight'>
149,<WikipediaPage 'Boxing at the 2020 Summer Olympics – Men's heavyweight'>
150,<WikipediaPage 'Boxing at the 2020 Summer Olympics – Women's lightweight'>
151,<WikipediaPage 'Boxing at the 2020 Summer Olympics – Women's welterweight'>
152,<WikipediaPage 'Golf at the 2020 Summer Olympics – Women's individual'>
153,<WikipediaPage 'Boxing at the 2020 Summer Olympics – Men's flyweight'>
154,<WikipediaPage 'Taekwondo at the 2020 Summer Olympics – Men's 58 kg'>
155,<WikipediaPage 'Taekwondo at the 2020 Summer Olympics – Women's 67 kg'>
156,<WikipediaPage 'Taekwondo at the 2020 Summer Olympics – Women's 57 kg'>
157,<WikipediaPage 'Taekwondo at the 2020 Summer Olympics – Women's 49 kg'>
158,<WikipediaPage 'Taekwondo at the 2020 Summer Olympics – Women's +67 kg'>
159,<WikipediaPage 'Taekwondo at the 2020 Summer Olympics – Men's 68 kg'>
160,<WikipediaPage 'Taekwondo at the 2020 Summer Olympics – Men's +80 kg'>
161,<WikipediaPage 'Taekwondo at the 2020 Summer Olympics – Men's 80 kg'>
162,<WikipediaPage 'Rowing at the 2020 Summer Olympics – Men's single sculls'>
163,<WikipediaPage 'Rowing at the 2020 Summer Olympics – Women's coxless pair'>
164,<WikipediaPage 'Rowing at the 2020 Summer Olympics – Men's eight'>
165,<WikipediaPage 'Rowing at the 2020 Summer Olympics – Men's coxless four'>
166,<WikipediaPage 'Rowing at the 2020 Summer Olympics – Men's lightweight double sculls'>
167,<WikipediaPage 'Rowing at the 2020 Summer Olympics – Women's coxless four'>
168,<WikipediaPage 'Rowing at the 2020 Summer Olympics – Men's quadruple sculls'>
169,<WikipediaPage 'Rowing at the 2020 Summer Olympics – Women's quadruple sculls'>
170,<WikipediaPage 'Rowing at the 2020 Summer Olympics – Men's double sculls'>
171,<WikipediaPage 'Rowing at the 2020 Summer Olympics – Men's coxless pair'>
172,<WikipediaPage 'Rowing at the 2020 Summer Olympics – Women's lightweight double sculls'>
173,<WikipediaPage 'Rowing at the 2020 Summer Olympics – Women's single sculls'>
174,<WikipediaPage 'Rowing at the 2020 Summer Olympics – Women's eight'>
175,<WikipediaPage 'Weightlifting at the 2020 Summer Olympics – Women's 64 kg'>
176,<WikipediaPage 'Weightlifting at the 2020 Summer Olympics – Women's 76 kg'>
177,<WikipediaPage 'Weightlifting at the 2020 Summer Olympics – Men's 73 kg'>
178,<WikipediaPage 'Weightlifting at the 2020 Summer Olympics – Men's +109 kg'>
179,<WikipediaPage 'Weightlifting at the 2020 Summer Olympics – Men's 61 kg'>
180,<WikipediaPage 'Weightlifting at the 2020 Summer Olympics – Men's 67 kg'>
181,<WikipediaPage 'Weightlifting at the 2020 Summer Olympics – Men's 109 kg'>
182,<WikipediaPage 'Weightlifting at the 2020 Summer Olympics – Women's +87 kg'>
183,<WikipediaPage 'Weightlifting at the 2020 Summer Olympics – Women's 59 kg'>
184,<WikipediaPage 'Weightlifting at the 2020 Summer Olympics – Men's 81 kg'>
185,<WikipediaPage 'Weightlifting at the 2020 Summer Olympics – Men's 96 kg'>
186,<WikipediaPage 'Weightlifting at the 2020 Summer Olympics – Women's 49 kg'>
187,<WikipediaPage 'Boxing at the 2020 Summer Olympics – Women's flyweight'>
188,<WikipediaPage 'Weightlifting at the 2020 Summer Olympics – Women's 55 kg'>
189,<WikipediaPage 'Skateboarding at the 2020 Summer Olympics – Women's street'>
190,<WikipediaPage 'Skateboarding at the 2020 Summer Olympics – Men's park'>
191,<WikipediaPage 'Cycling at the 2020 Summer Olympics – Men's BMX freestyle'>
192,<WikipediaPage 'Cycling at the 2020 Summer Olympics – Men's team sprint'>
193,<WikipediaPage 'Cycling at the 2020 Summer Olympics – Women's sprint'>
194,<WikipediaPage 'Cycling at the 2020 Summer Olympics – Men's sprint'>
195,<WikipediaPage 'Cycling at the 2020 Summer Olympics – Women's team sprint'>
196,<WikipediaPage 'Cycling at the 2020 Summer Olympics – Men's BMX racing'>
197,<WikipediaPage 'Cycling at the 2020 Summer Olympics – Women's Madison'>
198,<WikipediaPage 'Cycling at the 2020 Summer Olympics – Men's team pursuit'>
199,<WikipediaPage 'Cycling at the 2020 Summer Olympics – Women's omnium'>
200,<WikipediaPage 'Cycling at the 2020 Summer Olympics – Men's road time trial'>
201,<WikipediaPage 'Cycling at the 2020 Summer Olympics – Women's BMX freestyle'>
202,<WikipediaPage 'Cycling at the 2020 Summer Olympics – Women's BMX racing'>
203,<WikipediaPage 'Cycling at the 2020 Summer Olympics – Men's cross-country'>
204,<WikipediaPage 'Cycling at the 2020 Summer Olympics – Women's road time trial'>
205,<WikipediaPage 'Cycling at the 2020 Summer Olympics – Women's individual road race'>
206,<WikipediaPage 'Cycling at the 2020 Summer Olympics – Men's Madison'>
207,<WikipediaPage 'Cycling at the 2020 Summer Olympics – Men's keirin'>
208,<WikipediaPage 'Cycling at the 2020 Summer Olympics – Men's omnium'>
209,<WikipediaPage 'Cycling at the 2020 Summer Olympics – Women's keirin'>
210,<WikipediaPage 'Cycling at the 2020 Summer Olympics – Men's individual road race'>
211,<WikipediaPage 'Cycling at the 2020 Summer Olympics – Women's team pursuit'>
212,<WikipediaPage 'Skateboarding at the 2020 Summer Olympics – Men's street'>
213,<WikipediaPage 'Skateboarding at the 2020 Summer Olympics – Women's park'>
214,<WikipediaPage 'Boxing at the 2020 Summer Olympics – Men's middleweight'>
215,<WikipediaPage 'Volleyball at the 2020 Summer Olympics – Men's team rosters'>
216,<WikipediaPage 'Volleyball at the 2020 Summer Olympics – Women's tournament'>
217,<WikipediaPage 'Volleyball at the 2020 Summer Olympics – Women's Asian qualification'>
218,<WikipediaPage 'Volleyball at the 2020 Summer Olympics – Men's European qualification'>
219,<WikipediaPage 'Volleyball at the 2020 Summer Olympics – Men's South American qualification'>
220,<WikipediaPage 'Volleyball at the 2020 Summer Olympics – Men's African qualification'>
221,<WikipediaPage 'Volleyball at the 2020 Summer Olympics – Men's Asian qualification'>
222,<WikipediaPage 'Volleyball at the 2020 Summer Olympics – Men's North American qualification'>
223,<WikipediaPage 'Volleyball at the 2020 Summer Olympics – Women's South American qualification'>
224,<WikipediaPage 'Volleyball at the 2020 Summer Olympics – Women's North American qualification'>
225,<WikipediaPage 'Volleyball at the 2020 Summer Olympics – Women's European qualification'>
226,<WikipediaPage 'Volleyball at the 2020 Summer Olympics – Women's European qualification squads'>
227,<WikipediaPage 'Beach volleyball at the 2020 Summer Olympics – Women's tournament'>
228,<WikipediaPage 'Beach volleyball at the 2020 Summer Olympics – Men's tournament'>
229,<WikipediaPage 'Volleyball at the 2020 Summer Olympics – Men's tournament'>
230,<WikipediaPage 'Volleyball at the 2020 Summer Olympics – Women's team rosters'>
231,<WikipediaPage 'Beach volleyball at the Summer Olympics'>
232,<WikipediaPage 'Volleyball at the 2020 Summer Olympics'>
233,<WikipediaPage 'Football at the 2020 Summer Olympics – Women's team squads'>
234,<WikipediaPage 'Football at the 2020 Summer Olympics – Women's tournament – Knockout stage'>
235,<WikipediaPage 'Football at the 2020 Summer Olympics – Men's tournament'>
236,<WikipediaPage '2020 CONCACAF Men's Olympic Qualifying Championship'>
237,<WikipediaPage '2020 CONCACAF Men's Olympic Qualifying Championship qualification'>
238,<WikipediaPage '2020 CONCACAF Women's Olympic Qualifying Championship qualification'>
239,<WikipediaPage '2020 CONCACAF Women's Olympic Qualifying Championship squads'>
240,<WikipediaPage '2020 CAF Women's Olympic Qualifying Tournament'>
241,<WikipediaPage 'Football at the 2020 Summer Olympics – Women's qualification (CAF–CONMEBOL play-off)'>
242,<WikipediaPage 'Football at the 2024 Summer Olympics – Men's qualification'>
243,<WikipediaPage '2020 CONCACAF Women's Olympic Qualifying Championship'>
244,<WikipediaPage '2020 CONCACAF Men's Olympic Qualifying Championship squads'>
245,<WikipediaPage '2020 CONMEBOL Pre-Olympic Tournament'>
246,<WikipediaPage 'Football at the 2020 Summer Olympics – Women's tournament – Final'>
247,<WikipediaPage 'Football at the 2020 Summer Olympics – Men's tournament – Final'>
248,<WikipediaPage 'Football at the 2020 Summer Olympics – Women's tournament – Group G'>
249,<WikipediaPage 'Football at the 2020 Summer Olympics – Women's tournament'>
250,<WikipediaPage 'Football at the 2020 Summer Olympics – Men's tournament – Group B'>
251,<WikipediaPage 'Football at the 2020 Summer Olympics – Men's tournament – Knockout stage'>
252,<WikipediaPage 'Football at the 2020 Summer Olympics – Men's tournament – Group C'>
253,<WikipediaPage 'Wrestling at the 2020 Summer Olympics'>
254,<WikipediaPage 'Wrestling at the 2020 Summer Olympics – Men's Greco-Roman 60 kg'>
255,<WikipediaPage 'Wrestling at the 2020 Summer Olympics – Men's freestyle 97 kg'>
256,<WikipediaPage 'Wrestling at the 2020 Summer Olympics – Women's freestyle 53 kg'>
257,<WikipediaPage 'Wrestling at the 2020 Summer Olympics – Men's freestyle 57 kg'>
258,<WikipediaPage 'Wrestling at the 2020 Summer Olympics – Men's Greco-Roman 67 kg'>
259,<WikipediaPage 'Wrestling at the 2020 Summer Olympics – Women's freestyle 62 kg'>
260,<WikipediaPage 'Wrestling at the 2020 Summer Olympics – Men's Greco-Roman 97 kg'>
261,<WikipediaPage 'Wrestling at the 2020 Summer Olympics – Men's freestyle 74 kg'>
262,<WikipediaPage 'Wrestling at the 2020 Summer Olympics – Women's freestyle 57 kg'>
263,<WikipediaPage 'Wrestling at the 2020 Summer Olympics – Women's freestyle 76 kg'>
264,<WikipediaPage 'Wrestling at the 2020 Summer Olympics – Women's freestyle 50 kg'>
265,<WikipediaPage 'Wrestling at the 2020 Summer Olympics – Men's Greco-Roman 130 kg'>
266,<WikipediaPage 'Wrestling at the 2020 Summer Olympics – Women's freestyle 68 kg'>
267,<WikipediaPage 'Wrestling at the 2020 Summer Olympics – Men's Greco-Roman 77 kg'>
268,<WikipediaPage 'Wrestling at the 2020 Summer Olympics – Men's Greco-Roman 87 kg'>
269,<WikipediaPage 'Wrestling at the 2020 Summer Olympics – Men's freestyle 65 kg'>
270,<WikipediaPage 'Wrestling at the 2020 Summer Olympics – Men's freestyle 125 kg'>
271,<WikipediaPage 'Surfing at the 2020 Summer Olympics'>
272,<WikipediaPage 'Surfing at the 2020 Summer Olympics – Men's shortboard'>
273,<WikipediaPage 'Surfing at the 2020 Summer Olympics – Women's shortboard'>
274,<WikipediaPage 'Shooting at the 2020 Summer Olympics'>
275,<WikipediaPage 'Water polo at the 2020 Summer Olympics – Men's team rosters'>
276,<WikipediaPage 'Swimming at the 2024 Summer Olympics – Qualification'>
277,<WikipediaPage 'Fencing at the 2020 Summer Olympics'>
278,<WikipediaPage 'Fencing at the 2020 Summer Olympics – Women's foil'>
279,<WikipediaPage 'Fencing at the 2020 Summer Olympics – Women's team foil'>
280,<WikipediaPage 'Fencing at the 2020 Summer Olympics – Men's team sabre'>
281,<WikipediaPage 'Fencing at the 2020 Summer Olympics – Men's team foil'>
282,<WikipediaPage 'Fencing at the 2020 Summer Olympics – Men's sabre'>
283,<WikipediaPage 'Fencing at the 2020 Summer Olympics – Women's sabre'>
284,<WikipediaPage 'Fencing at the 2020 Summer Olympics – Women's team épée'>
285,<WikipediaPage 'Fencing at the 2020 Summer Olympics – Men's foil'>
286,<WikipediaPage 'Fencing at the 2020 Summer Olympics – Men's épée'>
287,<WikipediaPage 'Fencing at the 2020 Summer Olympics – Women's team sabre'>
288,<WikipediaPage 'Fencing at the 2020 Summer Olympics – Women's épée'>
289,<WikipediaPage 'Fencing at the 2020 Summer Olympics – Men's team épée'>
290,<WikipediaPage 'List of sport climbers at the 2020 Summer Olympics'>
291,<WikipediaPage 'Sport climbing at the 2020 Summer Olympics'>
292,<WikipediaPage '2020 Summer Olympics medal table'>
293,<WikipediaPage 'Football at the 2020 Summer Olympics – Men's team squads'>
294,<WikipediaPage 'Modern pentathlon at the 2004 Summer Olympics'>
295,<WikipediaPage 'List of canoeists at the 2020 Summer Olympics'>
296,<WikipediaPage 'Canoeing at the 2020 Summer Olympics – Women's K-4 500 metres'>
297,<WikipediaPage 'Canoeing at the 2020 Summer Olympics – Women's C-1 200 metres'>
298,<WikipediaPage 'Canoeing at the 2020 Summer Olympics – Men's slalom C-1'>
299,<WikipediaPage 'Canoeing at the 2020 Summer Olympics – Women's slalom C-1'>
300,<WikipediaPage 'Canoeing at the 2020 Summer Olympics – Women's K-1 500 metres'>
301,<WikipediaPage 'Canoeing at the 2020 Summer Olympics – Men's slalom K-1'>
302,<WikipediaPage 'Canoeing at the 2020 Summer Olympics – Men's K-1 200 metres'>
303,<WikipediaPage 'Canoeing at the 2020 Summer Olympics – Men's C-2 1000 metres'>
304,<WikipediaPage 'Canoeing at the 2020 Summer Olympics – Women's C-2 500 metres'>
305,<WikipediaPage 'Canoeing at the 2020 Summer Olympics – Women's K-2 500 metres'>
306,<WikipediaPage 'Canoeing at the 2020 Summer Olympics – Men's K-2 1000 metres'>
307,<WikipediaPage 'Canoeing at the 2020 Summer Olympics – Men's C-1 1000 metres'>
308,<WikipediaPage 'Canoeing at the 2020 Summer Olympics – Women's slalom K-1'>
309,<WikipediaPage 'Canoeing at the 2020 Summer Olympics – Women's K-1 200 metres'>
310,<WikipediaPage 'Canoeing at the 2020 Summer Olympics – Men's K-1 1000 metres'>
311,<WikipediaPage 'Canoeing at the 2020 Summer Olympics – Men's K-4 500 metres'>
312,<WikipediaPage 'List of divers at the 2020 Summer Olympics'>
313,<WikipediaPage 'Diving at the 2020 Summer Olympics – Men's 10 metre platform'>
314,<WikipediaPage 'Diving at the 2020 Summer Olympics – Women's synchronized 3 metre springboard'>
315,<WikipediaPage 'Diving at the 2020 Summer Olympics – Men's 3 metre springboard'>
316,<WikipediaPage 'Diving at the 2020 Summer Olympics – Women's 10 metre platform'>
317,<WikipediaPage 'Diving at the 2020 Summer Olympics – Women's synchronized 10 metre platform'>
318,<WikipediaPage 'Diving at the 2020 Summer Olympics – Women's 3 metre springboard'>
319,<WikipediaPage 'Diving at the 2020 Summer Olympics – Men's synchronized 10 metre platform'>
320,<WikipediaPage 'Diving at the 2020 Summer Olympics – Men's synchronized 3 metre springboard'>
321,<WikipediaPage 'Japan at the 2020 Summer Olympics'>
322,<WikipediaPage 'Triathlon at the 2020 Summer Olympics – Men's'>
323,<WikipediaPage 'Equestrian at the 2020 Summer Olympics – Team dressage'>
324,<WikipediaPage 'Karate at the 2020 Summer Olympics – Women's +61 kg'>
325,<WikipediaPage 'Archery at the 2020 Summer Olympics – Men's individual'>
326,<WikipediaPage 'Table tennis at the 2020 Summer Olympics – Men's team'>
327,<WikipediaPage 'Tennis at the 2020 Summer Olympics – Women's doubles'>
328,<WikipediaPage 'Equestrian at the 2020 Summer Olympics – Individual jumping'>
329,<WikipediaPage 'Badminton at the 2020 Summer Olympics – Women's singles'>
330,<WikipediaPage 'Tennis at the 2020 Summer Olympics – Men's doubles'>
331,<WikipediaPage 'Badminton at the 2020 Summer Olympics – Men's singles'>
332,<WikipediaPage 'Badminton at the 2020 Summer Olympics – Mixed doubles'>
333,<WikipediaPage 'Sailing at the 2020 Summer Olympics – Finn'>
334,<WikipediaPage 'Sailing at the 2020 Summer Olympics – 49er FX'>
335,<WikipediaPage 'Karate at the 2020 Summer Olympics – Men's kata'>
336,<WikipediaPage 'Karate at the 2020 Summer Olympics – Women's kata'>
337,<WikipediaPage 'Karate at the 2020 Summer Olympics – Men's +75 kg'>
338,<WikipediaPage 'Badminton at the 2020 Summer Olympics – Men's doubles'>
339,<WikipediaPage 'Sailing at the 2020 Summer Olympics'>
340,<WikipediaPage 'Triathlon at the 2020 Summer Olympics – Mixed relay'>
341,<WikipediaPage 'Archery at the 2020 Summer Olympics'>
342,<WikipediaPage 'Archery at the 2020 Summer Olympics – Mixed team'>
343,<WikipediaPage 'Sailing at the 2020 Summer Olympics – Laser Radial'>
344,<WikipediaPage 'Archery at the 2020 Summer Olympics – Men's team'>
345,<WikipediaPage 'Archery at the 2020 Summer Olympics – Women's team'>
346,<WikipediaPage 'Artistic swimming at the 2020 Summer Olympics – Women's duet'>
347,<WikipediaPage 'Table tennis at the 2020 Summer Olympics – Men's singles'>
348,<WikipediaPage 'Basketball at the 2020 Summer Olympics – Women's 3x3 tournament'>
349,<WikipediaPage 'Equestrian at the 2020 Summer Olympics – Team jumping'>
350,<WikipediaPage 'Sailing at the 2020 Summer Olympics – Men's 470'>
351,<WikipediaPage 'Basketball at the 2020 Summer Olympics – Men's 3x3 tournament'>
352,<WikipediaPage 'Table tennis at the 2020 Summer Olympics – Women's singles'>
353,<WikipediaPage 'Equestrian at the 2020 Summer Olympics – Team eventing'>
354,<WikipediaPage 'Sailing at the 2020 Summer Olympics – Nacra 17'>
355,<WikipediaPage 'Equestrian at the 2020 Summer Olympics – Individual dressage'>
356,<WikipediaPage 'Tennis at the 2020 Summer Olympics – Mixed doubles'>
357,<WikipediaPage 'Sailing at the 2020 Summer Olympics – Women's RS:X'>
358,<WikipediaPage 'Triathlon at the 2020 Summer Olympics – Women's'>
359,<WikipediaPage 'Badminton at the 2020 Summer Olympics – Women's doubles'>
360,<WikipediaPage 'Field hockey at the 2020 Summer Olympics – Women's tournament'>
361,<WikipediaPage 'Sailing at the 2020 Summer Olympics – Men's RS:X'>
362,<WikipediaPage 'Modern pentathlon at the 2020 Summer Olympics – Men's'>
363,<WikipediaPage 'Modern pentathlon at the 2020 Summer Olympics – Women's'>
364,<WikipediaPage 'Equestrian at the 2020 Summer Olympics – Individual eventing'>
365,<WikipediaPage 'Artistic swimming at the 2020 Summer Olympics – Women's team'>
366,<WikipediaPage 'Sailing at the 2020 Summer Olympics – Women's 470'>
367,<WikipediaPage 'Table tennis at the 2020 Summer Olympics – Women's team'>
368,<WikipediaPage 'Sailing at the 2020 Summer Olympics – 49er'>
369,<WikipediaPage 'Sailing at the 2020 Summer Olympics – Laser'>
370,<WikipediaPage 'Archery at the 2020 Summer Olympics – Women's individual'>
371,<WikipediaPage 'Karate at the 2020 Summer Olympics – Men's 75 kg'>
372,<WikipediaPage 'Field hockey at the 2020 Summer Olympics – Men's tournament'>
373,<WikipediaPage 'Karate at the 2020 Summer Olympics – Women's 61 kg'>
374,<WikipediaPage 'Table tennis at the 2020 Summer Olympics – Mixed doubles'>
375,<WikipediaPage 'Karate at the 2020 Summer Olympics – Men's 67 kg'>
376,<WikipediaPage 'Karate at the 2020 Summer Olympics – Women's 55 kg'>
377,<WikipediaPage 'Basketball at the 2020 Summer Olympics – Men's tournament'>
378,<WikipediaPage '2020 FIBA Men's Olympic Qualifying Tournaments squads'>
379,<WikipediaPage '2020 Slovenia men's Olympic basketball team'>
380,<WikipediaPage '2020 Italy men's Olympic basketball team'>
381,<WikipediaPage '2020 FIBA Men's Olympic Qualifying Tournaments'>
382,<WikipediaPage '2020 FIBA Women's Olympic Qualifying Tournaments – Bourges'>
383,<WikipediaPage '2020 FIBA Women's Olympic Qualifying Tournaments squads'>
384,<WikipediaPage '2020 FIBA Women's Olympic Qualifying Tournaments – Belgrade'>
385,<WikipediaPage '2020 FIBA Women's Olympic Qualifying Tournaments – Ostend'>
386,<WikipediaPage '2020 FIBA Men's Olympic Qualifying Tournaments – Belgrade'>
387,<WikipediaPage '2020 FIBA Men's Olympic Qualifying Tournaments – Victoria'>
388,<WikipediaPage 'Synchronized swimming'>
389,<WikipediaPage 'Field hockey at the 2020 Summer Olympics – Men's team squads'>
390,<WikipediaPage 'List of archers at the 2020 Summer Olympics'>
391,<WikipediaPage 'Triathlon at the Summer Olympics'>
392,<WikipediaPage 'Basketball at the 2020 Summer Olympics – Men's team rosters'>
393,<WikipediaPage 'Basketball at the 2020 Summer Olympics – Women's team rosters'>
394,<WikipediaPage 'List of cyclists at the 2020 Summer Olympics'>
395,<WikipediaPage 'Cycling at the 2020 Summer Olympics'>
396,<WikipediaPage 'Taekwondo at the 2020 Summer Olympics'>
397,<WikipediaPage 'Softball at the 2020 Summer Olympics – Team squads'>
398,<WikipediaPage 'List of skateboarders at the 2020 Summer Olympics'>
399,<WikipediaPage 'Rugby sevens at the 2020 Summer Olympics – Men's team squads'>
400,<WikipediaPage 'Field hockey at the 2020 Summer Olympics – Women's team squads'>
401,<WikipediaPage 'Table tennis at the Summer Olympics'>
402,<WikipediaPage 'Baseball at the 2020 Summer Olympics – Team squads'>
403,<WikipediaPage 'Tennis at the 2020 Summer Olympics – Qualification'>
404,<WikipediaPage '2020 Summer Olympics cauldron'>
405,<WikipediaPage 'Athletics at the 2020 Summer Olympics – Women's marathon'>
406,<WikipediaPage 'Swimming at the 2020 Summer Olympics – Women's 400 metre individual medley'>
407,<WikipediaPage 'Rowing at the 2020 Summer Olympics – Women's double sculls'>
408,<WikipediaPage 'Judo at the 2020 Summer Olympics – Men's 90 kg'>
409,<WikipediaPage 'Shooting at the 2020 Summer Olympics – Men's trap'>
410,<WikipediaPage 'Swimming at the 2020 Summer Olympics – Women's 800 metre freestyle'>
411,<WikipediaPage 'Swimming at the 2020 Summer Olympics – Women's 1500 metre freestyle'>
412,<WikipediaPage 'Wrestling at the 2020 Summer Olympics – Men's freestyle 86 kg'>
413,<WikipediaPage 'Shooting at the 2020 Summer Olympics – Women's trap'>
414,<WikipediaPage 'Shooting at the 2020 Summer Olympics – Mixed trap team'>
415,<WikipediaPage 'Rugby sevens at the 2020 Summer Olympics'>
416,<WikipediaPage 'Tonga at the 2020 Summer Olympics'>
417,<WikipediaPage '2020 Oceania Taekwondo Olympic Qualification Tournament'>
418,<WikipediaPage '2020 FIBA Women's Olympic Qualifying Tournaments – Belgrade 2'>
419,<WikipediaPage 'Kiribati at the 2020 Summer Olympics'>
420,<WikipediaPage 'Gymnastics at the 2020 Summer Olympics – Qualification'>
421,<WikipediaPage 'FIG Artistic Gymnastics World Cup series – 2020 Summer Olympics Qualification'>
422,<WikipediaPage 'Athletics at the 2020 Summer Olympics'>
423,<WikipediaPage 'Russian Olympic Committee athletes at the 2020 Summer Olympics'>
424,<WikipediaPage 'Judo at the 2020 Summer Olympics – Qualification'>
425,<WikipediaPage 'Syria at the 2020 Summer Olympics'>
426,<WikipediaPage 'Baku bid for the 2020 Summer Olympics'>
427,<WikipediaPage 'Belize at the 2020 Summer Olympics'>
428,<WikipediaPage 'Handball at the 2020 Summer Olympics – Women's qualification'>
429,<WikipediaPage 'Madagascar at the 2020 Summer Olympics'>
430,<WikipediaPage 'Guyana at the 2020 Summer Olympics'>
431,<WikipediaPage 'Handball at the 2020 Summer Olympics – Men's qualification'>
432,<WikipediaPage 'Palau at the 2020 Summer Olympics'>
433,<WikipediaPage 'South Korea at the 2020 Summer Olympics'>
434,<WikipediaPage 'Equestrian at the 2020 Summer Olympics – Qualification'>
435,<WikipediaPage 'Nicaragua at the 2020 Summer Olympics'>
436,<WikipediaPage 'Great Britain at the 2020 Summer Olympics'>
437,<WikipediaPage 'Gabon at the 2020 Summer Olympics'>
438,<WikipediaPage 'Chinese Taipei at the 2020 Summer Olympics'>
439,<WikipediaPage 'Water polo at the 2020 Summer Olympics'>
440,<WikipediaPage 'Rwanda at the 2020 Summer Olympics'>
441,<WikipediaPage 'Bosnia and Herzegovina at the 2020 Summer Olympics'>
442,<WikipediaPage 'World and Olympic records set at the 2020 Summer Olympics'>
443,<WikipediaPage 'Myanmar at the 2020 Summer Olympics'>
444,<WikipediaPage '2020 Summer Olympic pictograms'>
445,<WikipediaPage 'El Salvador at the 2020 Summer Olympics'>
446,<WikipediaPage 'Swimming at the 2020 Summer Olympics – Qualification'>
447,<WikipediaPage 'Bids for the 2020 Summer Olympics'>
448,<WikipediaPage 'Bids for the 2020 Winter Youth Olympics'>
449,<WikipediaPage 'Lausanne bid for the 2020 Winter Youth Olympics'>
450,<WikipediaPage '2020 Winter Youth Olympics medal table'>
451,<WikipediaPage '2020 Winter Youth Olympics'>
452,<WikipediaPage 'Biathlon at the 2020 Winter Youth Olympics'>
453,<WikipediaPage 'Biathlon at the 2020 Winter Youth Olympics – Boys' sprint'>
454,<WikipediaPage 'Biathlon at the 2020 Winter Youth Olympics – Single mixed relay'>
455,<WikipediaPage 'Biathlon at the 2020 Winter Youth Olympics – Boys' individual'>
456,<WikipediaPage 'Biathlon at the 2020 Winter Youth Olympics – Girls' individual'>
457,<WikipediaPage 'Biathlon at the 2020 Winter Youth Olympics – Mixed relay'>
458,<WikipediaPage 'Biathlon at the 2020 Winter Youth Olympics – Girls' sprint'>
459,<WikipediaPage 'Nordic combined at the 2020 Winter Youth Olympics'>
460,<WikipediaPage 'Turkmenistan at the 2020 Winter Youth Olympics'>
461,<WikipediaPage 'Greece at the 2020 Winter Youth Olympics'>
462,<WikipediaPage 'Cross-country skiing at the 2020 Winter Youth Olympics – Girls' sprint'>
463,<WikipediaPage 'Cross-country skiing at the 2020 Winter Youth Olympics – Boys' 10 kilometre classical'>
464,<WikipediaPage 'Snowboarding at the 2020 Winter Youth Olympics – Boys' snowboard cross'>
465,<WikipediaPage 'Snowboarding at the 2020 Winter Youth Olympics – Girls' big air'>
466,<WikipediaPage 'Snowboarding at the 2020 Winter Youth Olympics – Boys' halfpipe'>
467,<WikipediaPage 'Snowboarding at the 2020 Winter Youth Olympics – Girls' halfpipe'>
468,<WikipediaPage 'Snowboarding at the 2020 Winter Youth Olympics – Boys' slopestyle'>
469,<WikipediaPage 'Snowboarding at the 2020 Winter Youth Olympics – Girls' slopestyle'>
470,<WikipediaPage 'Snowboarding at the 2020 Winter Youth Olympics – Boys' big air'>
471,<WikipediaPage 'Snowboarding at the 2020 Winter Youth Olympics – Girls' snowboard cross'>
472,<WikipediaPage 'Snowboarding at the 2020 Winter Youth Olympics – Team ski-snowboard cross'>
473,<WikipediaPage 'Cross-country skiing at the 2020 Winter Youth Olympics'>
474,<WikipediaPage 'Cross-country skiing at the 2020 Winter Youth Olympics – Girls' 5 kilometre classical'>
475,<WikipediaPage 'Cross-country skiing at the 2020 Winter Youth Olympics – Boys' sprint'>
476,<WikipediaPage 'Alpine skiing at the 2020 Winter Youth Olympics – Boys' giant slalom'>
477,<WikipediaPage 'Alpine skiing at the 2020 Winter Youth Olympics – Parallel mixed team'>
478,<WikipediaPage 'Alpine skiing at the 2020 Winter Youth Olympics – Girls' giant slalom'>
479,<WikipediaPage 'Alpine skiing at the 2020 Winter Youth Olympics – Boys' Super-G'>
480,<WikipediaPage 'Alpine skiing at the 2020 Winter Youth Olympics – Boys' slalom'>
481,<WikipediaPage 'Freestyle skiing at the 2020 Winter Youth Olympics – Boys' ski cross'>
482,<WikipediaPage 'Freestyle skiing at the 2020 Winter Youth Olympics – Girls' big air'>
483,<WikipediaPage 'Freestyle skiing at the 2020 Winter Youth Olympics – Boys' big air'>
484,<WikipediaPage 'Freestyle skiing at the 2020 Winter Youth Olympics – Boys' halfpipe'>
485,<WikipediaPage 'Freestyle skiing at the 2020 Winter Youth Olympics – Boys' slopestyle'>
486,<WikipediaPage 'Freestyle skiing at the 2020 Winter Youth Olympics – Girls' halfpipe'>
487,<WikipediaPage 'Freestyle skiing at the 2020 Winter Youth Olympics – Girls' ski cross'>
488,<WikipediaPage 'Alpine skiing at the 2020 Winter Youth Olympics – Girls' slalom'>
489,<WikipediaPage 'Montenegro at the 2020 Winter Youth Olympics'>
490,<WikipediaPage 'Skeleton at the 2020 Winter Youth Olympics'>
491,<WikipediaPage 'Skeleton at the 2020 Winter Youth Olympics – Girls''>
492,<WikipediaPage 'Skeleton at the 2020 Winter Youth Olympics – Boys''>
493,<WikipediaPage 'Uzbekistan at the 2020 Winter Youth Olympics'>
494,<WikipediaPage 'Luge at the 2020 Winter Youth Olympics'>
495,<WikipediaPage 'Luge at the 2020 Winter Youth Olympics – Boys' singles'>
496,<WikipediaPage 'Luge at the 2020 Winter Youth Olympics – Boys' doubles'>
497,<WikipediaPage 'Luge at the 2020 Winter Youth Olympics – Girls' doubles'>
498,<WikipediaPage 'Luge at the 2020 Winter Youth Olympics – Girls' singles'>
499,<WikipediaPage 'Luge at the 2020 Winter Youth Olympics – Team relay'>
500,<WikipediaPage 'Bulgaria at the 2020 Winter Youth Olympics'>
501,<WikipediaPage 'Figure skating at the 2020 Winter Youth Olympics – Girls' singles'>
502,<WikipediaPage 'Figure skating at the 2020 Winter Youth Olympics – Ice dancing'>
503,<WikipediaPage 'Figure skating at the 2020 Winter Youth Olympics – Team trophy'>
504,<WikipediaPage 'Youth Olympic Games'>
505,<WikipediaPage 'Figure skating at the 2020 Winter Youth Olympics – Boys' singles'>
506,<WikipediaPage 'Ice hockey at the 2020 Winter Youth Olympics – Girls' 3x3 mixed tournament'>
507,<WikipediaPage 'Ice hockey at the 2020 Winter Youth Olympics'>
508,<WikipediaPage 'Ice hockey at the 2020 Winter Youth Olympics – Boys' 3x3 mixed tournament'>
509,<WikipediaPage 'Ice hockey at the 2020 Winter Youth Olympics – Girls' tournament'>
510,<WikipediaPage 'Ice hockey at the 2020 Winter Youth Olympics – Boys' tournament'>
511,<WikipediaPage 'Short track speed skating at the 2020 Winter Youth Olympics – Boys' 1000 metres'>
512,<WikipediaPage 'Short track speed skating at the 2020 Winter Youth Olympics – Mixed team relay'>
513,<WikipediaPage 'Short track speed skating at the 2020 Winter Youth Olympics – Girls' 500 metres'>
514,<WikipediaPage 'Short track speed skating at the 2020 Winter Youth Olympics – Girls' 1000 metres'>
515,<WikipediaPage 'Short track speed skating at the 2020 Winter Youth Olympics – Boys' 500 metres'>
516,<WikipediaPage 'Cyprus at the 2020 Winter Youth Olympics'>
517,<WikipediaPage 'Ski mountaineering at the 2020 Winter Youth Olympics'>
518,<WikipediaPage 'Ski mountaineering at the 2020 Winter Youth Olympics – Mixed relay'>
519,<WikipediaPage 'Ski mountaineering at the 2020 Winter Youth Olympics – Girls' individual'>
520,<WikipediaPage 'Ski mountaineering at the 2020 Winter Youth Olympics – Boys' sprint'>
521,<WikipediaPage 'Ski mountaineering at the 2020 Winter Youth Olympics – Boys' individual'>
522,<WikipediaPage 'Figure skating at the 2020 Winter Youth Olympics'>
523,<WikipediaPage 'Hungary at the 2020 Winter Youth Olympics'>
524,<WikipediaPage 'Speed skating at the 2020 Winter Youth Olympics – Girls' 500 metres'>
525,<WikipediaPage 'Speed skating at the 2020 Winter Youth Olympics – Mixed team sprint'>
526,<WikipediaPage 'Speed skating at the 2020 Winter Youth Olympics – Boys' 1500 metres'>
527,<WikipediaPage 'Speed skating at the 2020 Winter Youth Olympics – Boys' 500 metres'>
528,<WikipediaPage 'Speed skating at the 2020 Winter Youth Olympics – Girls' 1500 metres'>
529,<WikipediaPage 'Speed skating at the 2020 Winter Youth Olympics – Girls' mass start'>
530,<WikipediaPage 'Curling at the 2020 Winter Youth Olympics – Mixed doubles'>
531,<WikipediaPage 'Curling at the 2020 Winter Youth Olympics – Mixed team'>
532,<WikipediaPage 'Albania at the 2020 Winter Youth Olympics'>
533,<WikipediaPage 'Lithuania at the 2020 Winter Youth Olympics'>
534,<WikipediaPage 'Ecuador at the 2020 Winter Youth Olympics'>
535,<WikipediaPage 'Croatia at the 2020 Winter Youth Olympics'>
536,<WikipediaPage 'Qatar at the 2020 Winter Youth Olympics'>
537,<WikipediaPage 'Philippines at the 2020 Winter Youth Olympics'>
538,<WikipediaPage '2024 Winter Youth Olympics'>
539,<WikipediaPage 'Armenia at the 2020 Winter Youth Olympics'>
540,<WikipediaPage 'Cross-country skiing at the 2020 Winter Youth Olympics – Boys' cross-country cross'>
541,<WikipediaPage 'Short track speed skating at the 2020 Winter Youth Olympics'>
542,<WikipediaPage 'Turkey at the 2020 Winter Youth Olympics'>
543,<WikipediaPage 'Portugal at the 2020 Winter Youth Olympics'>
544,<WikipediaPage 'Lebanon at the 2020 Winter Youth Olympics'>
545,<WikipediaPage 'Chinese Taipei at the 2020 Winter Youth Olympics'>
546,<WikipediaPage 'Bobsleigh at the 2020 Winter Youth Olympics – Girls' monobob'>
547,<WikipediaPage 'Kosovo at the 2020 Winter Youth Olympics'>
548,<WikipediaPage 'Bobsleigh at the 2020 Winter Youth Olympics'>
549,<WikipediaPage 'Iran at the 2020 Winter Youth Olympics'>
550,<WikipediaPage 'Mexico at the 2020 Winter Youth Olympics'>
551,<WikipediaPage 'North Macedonia at the 2020 Winter Youth Olympics'>
552,<WikipediaPage 'Kyrgyzstan at the 2020 Winter Youth Olympics'>
553,<WikipediaPage 'South Africa at the 2020 Winter Youth Olympics'>
554,<WikipediaPage 'Trinidad and Tobago at the 2020 Winter Youth Olympics'>
555,<WikipediaPage 'Mongolia at the 2020 Winter Youth Olympics'>
556,<WikipediaPage 'Malaysia at the 2020 Winter Youth Olympics'>
557,<WikipediaPage 'Curling at the 2020 Winter Youth Olympics'>
558,<WikipediaPage 'Haiti at the 2020 Winter Youth Olympics'>
559,<WikipediaPage 'Ski jumping at the 2020 Winter Youth Olympics'>
560,<WikipediaPage 'Ski jumping at the 2020 Winter Youth Olympics – Boys' individual normal hill'>
561,<WikipediaPage 'Ski jumping at the 2020 Winter Youth Olympics – Girls' individual normal hill'>
562,<WikipediaPage 'Ski jumping at the 2020 Winter Youth Olympics – Mixed team normal hill'>
563,<WikipediaPage 'Kazakhstan at the 2020 Winter Youth Olympics'>
564,<WikipediaPage 'Brazil at the 2020 Winter Youth Olympics'>
565,<WikipediaPage 'Iceland at the 2020 Winter Youth Olympics'>
566,<WikipediaPage 'Singapore at the 2020 Winter Youth Olympics'>
567,<WikipediaPage 'Azerbaijan at the 2020 Winter Youth Olympics'>
568,<WikipediaPage 'Serbia at the 2020 Winter Youth Olympics'>
569,<WikipediaPage 'Snowboarding at the 2020 Winter Youth Olympics'>
570,<WikipediaPage 'Denmark at the 2020 Winter Youth Olympics'>
571,<WikipediaPage 'Chile at the 2020 Winter Youth Olympics'>
572,<WikipediaPage 'Thailand at the 2020 Winter Youth Olympics'>
573,<WikipediaPage 'Moldova at the 2020 Winter Youth Olympics'>
574,<WikipediaPage 'Ireland at the 2020 Winter Youth Olympics'>
575,<WikipediaPage 'Luxembourg at the 2020 Winter Youth Olympics'>
576,<WikipediaPage 'San Marino at the 2020 Winter Youth Olympics'>
577,<WikipediaPage 'Bosnia and Herzegovina at the 2020 Winter Youth Olympics'>
578,<WikipediaPage 'Andorra at the 2020 Winter Youth Olympics'>
579,<WikipediaPage 'Freestyle skiing at the 2020 Winter Youth Olympics'>
580,<WikipediaPage 'Argentina at the 2020 Winter Youth Olympics'>
581,<WikipediaPage 'Speed skating at the 2020 Winter Youth Olympics'>
582,<WikipediaPage 'Hong Kong at the 2020 Winter Youth Olympics'>
583,<WikipediaPage 'Pakistan at the 2020 Winter Youth Olympics'>
584,<WikipediaPage 'Poland at the 2020 Winter Youth Olympics'>
585,<WikipediaPage 'Liechtenstein at the 2020 Winter Youth Olympics'>
586,<WikipediaPage 'New Zealand at the 2020 Winter Youth Olympics'>
587,<WikipediaPage 'Pair skating'>
588,<WikipediaPage 'Georgia at the 2020 Winter Youth Olympics'>
589,<WikipediaPage 'Russia at the 2020 Winter Youth Olympics'>
590,<WikipediaPage 'Ukraine at the 2020 Winter Youth Olympics'>
591,<WikipediaPage 'Speed skating at the 2020 Winter Youth Olympics – Boys' mass start'>
592,<WikipediaPage 'Switzerland at the 2020 Winter Youth Olympics'>
593,<WikipediaPage 'Slovakia at the 2020 Winter Youth Olympics'>
594,<WikipediaPage 'Austria at the 2020 Winter Youth Olympics'>
595,<WikipediaPage 'Nordic combined at the 2020 Winter Youth Olympics – Nordic mixed team normal hill/4 × 3.3 km'>
596,<WikipediaPage 'Belarus at the 2020 Winter Youth Olympics'>
597,<WikipediaPage 'Great Britain at the 2020 Winter Youth Olympics'>
598,<WikipediaPage 'Norway at the 2020 Winter Youth Olympics'>
599,<WikipediaPage 'United States at the 2020 Winter Youth Olympics'>
600,<WikipediaPage 'Sweden at the 2020 Winter Youth Olympics'>
601,<WikipediaPage 'Belgium at the 2020 Winter Youth Olympics'>
602,<WikipediaPage 'Alpine skiing at the 2020 Winter Youth Olympics – Girls' combined'>
603,<WikipediaPage 'Latvia at the 2020 Winter Youth Olympics'>
604,<WikipediaPage 'Italy at the 2020 Winter Youth Olympics'>
605,<WikipediaPage 'Colombia at the 2020 Winter Youth Olympics'>
606,<WikipediaPage 'Freestyle skiing at the 2020 Winter Youth Olympics – Girls' slopestyle'>
607,<WikipediaPage 'Finland at the 2020 Winter Youth Olympics'>
608,<WikipediaPage 'Slovenia at the 2020 Winter Youth Olympics'>
609,<WikipediaPage 'Bobsleigh at the 2020 Winter Youth Olympics – Boys' monobob'>
610,<WikipediaPage 'Czech Republic at the 2020 Winter Youth Olympics'>
611,<WikipediaPage 'Alpine skiing at the 2020 Winter Youth Olympics – Boys' combined'>
612,<WikipediaPage 'Mixed-NOCs at the Youth Olympics'>
613,<WikipediaPage 'Estonia at the 2020 Winter Youth Olympics'>
614,<WikipediaPage 'Alpine skiing at the 2020 Winter Youth Olympics – Girls' Super-G'>
615,<WikipediaPage 'Japan at the 2020 Winter Youth Olympics'>
616,<WikipediaPage 'Canada at the 2020 Winter Youth Olympics'>
617,<WikipediaPage 'Netherlands at the 2020 Winter Youth Olympics'>
618,<WikipediaPage 'Romania at the 2020 Winter Youth Olympics'>
619,<WikipediaPage 'South Korea at the 2020 Winter Youth Olympics'>
620,<WikipediaPage 'Ski mountaineering at the 2020 Winter Youth Olympics – Girls' sprint'>
621,<WikipediaPage 'Spain at the 2020 Winter Youth Olympics'>
622,<WikipediaPage 'Israel at the 2020 Winter Youth Olympics'>
623,<WikipediaPage 'Alpine skiing at the 2020 Winter Youth Olympics'>
624,<WikipediaPage 'China at the 2020 Winter Youth Olympics'>
625,<WikipediaPage 'Brașov bid for the 2020 Winter Youth Olympics'>
626,<WikipediaPage 'Antigua and Barbuda at the 2020 Summer Olympics'>
627,<WikipediaPage '2020 Summer Olympics closing ceremony flag bearers'>
628,<WikipediaPage 'Liberia at the 2020 Summer Olympics'>
629,<WikipediaPage 'Czech Republic at the 2020 Summer Olympics'>
630,<WikipediaPage 'Uganda at the 2020 Summer Olympics'>
631,<WikipediaPage 'Badminton at the 2020 Summer Olympics – Qualification'>
632,<WikipediaPage 'Saudi Arabia at the 2020 Summer Olympics'>
633,<WikipediaPage 'Bulgaria at the 2020 Summer Olympics'>
634,<WikipediaPage 'Maldives at the 2020 Summer Olympics'>
635,<WikipediaPage 'Handball at the 2020 Summer Olympics'>
636,<WikipediaPage 'Iran at the 2020 Summer Olympics'>
637,<WikipediaPage 'Solomon Islands at the 2020 Summer Olympics'>
638,<WikipediaPage 'Yemen at the 2020 Summer Olympics'>
639,<WikipediaPage 'Costa Rica at the 2020 Summer Olympics'>
640,<WikipediaPage 'Jordan at the 2020 Summer Olympics'>
641,<WikipediaPage 'Guatemala at the 2020 Summer Olympics'>
642,<WikipediaPage 'Weightlifting at the 2020 Summer Olympics'>
643,<WikipediaPage 'COVID-19 cases at the 2020 Summer Olympics and 2020 Summer Paralympics'>
644,<WikipediaPage 'India at the 2020 Summer Olympics'>
645,<WikipediaPage 'Australia at the 2020 Summer Olympics'>
646,<WikipediaPage 'Haiti at the 2020 Summer Olympics'>
647,<WikipediaPage '2020 Pan American Taekwondo Olympic Qualification Tournament'>
648,<WikipediaPage 'Guam at the 2020 Summer Olympics'>
649,<WikipediaPage 'Denmark at the 2020 Summer Olympics'>
650,<WikipediaPage 'Baseball at the 2020 Summer Olympics – Qualification'>
651,<WikipediaPage 'Guinea at the 2020 Summer Olympics'>
652,<WikipediaPage 'List of 2020 Summer Olympics medal winners'>
653,<WikipediaPage 'Greece at the 2020 Summer Olympics'>
654,<WikipediaPage 'Triathlon at the 2020 Summer Olympics'>
655,<WikipediaPage 'Taekwondo at the 2020 Summer Olympics – Qualification'>
656,<WikipediaPage '2020 African Taekwondo Olympic Qualification Tournament'>
657,<WikipediaPage 'Athletics at the 2020 Summer Olympics – Qualification'>
658,<WikipediaPage 'Monaco at the 2020 Summer Olympics'>
659,<WikipediaPage 'Fiji at the 2020 Summer Olympics'>
660,<WikipediaPage 'Tunisia at the 2020 Summer Olympics'>
661,<WikipediaPage 'Venues of the 2020 Summer Olympics and Paralympics'>
662,<WikipediaPage 'Finland at the 2020 Summer Olympics'>
663,<WikipediaPage 'Cape Verde at the 2020 Summer Olympics'>
664,<WikipediaPage 'Togo at the 2020 Summer Olympics'>
665,<WikipediaPage 'Oman at the 2020 Summer Olympics'>
666,<WikipediaPage 'New Zealand at the 2020 Summer Olympics'>
667,<WikipediaPage 'List of 2020 Summer Olympics broadcasters'>
668,<WikipediaPage 'Uruguay at the 2020 Summer Olympics'>
669,<WikipediaPage 'Ireland at the 2020 Summer Olympics'>
670,<WikipediaPage 'Gymnastics at the 2020 Summer Olympics'>
671,<WikipediaPage '2020 U.S. Olympic trials (gymnastics)'>
672,<WikipediaPage 'Libya at the 2020 Summer Olympics'>
673,<WikipediaPage 'Volleyball at the 2020 Summer Olympics – Men's qualification'>
674,<WikipediaPage '2019 FIVB Men's Volleyball Intercontinental Olympic Qualification Tournaments'>
675,<WikipediaPage 'Kyrgyzstan at the 2020 Summer Olympics'>
676,<WikipediaPage 'Switzerland at the 2020 Summer Olympics'>
677,<WikipediaPage 'Chile at the 2020 Summer Olympics'>
678,<WikipediaPage '2020 Pan American Wrestling Olympic Qualification Tournament'>
679,<WikipediaPage '2020 United States Olympic Team Trials (wrestling)'>
680,<WikipediaPage 'Nigeria at the 2020 Summer Olympics'>
681,<WikipediaPage 'Golf at the 2020 Summer Olympics'>
682,<WikipediaPage 'Cycling at the 2020 Summer Olympics – Women's cross-country'>
683,<WikipediaPage 'Tanzania at the 2020 Summer Olympics'>
684,<WikipediaPage 'Mauritania at the 2020 Summer Olympics'>
685,<WikipediaPage 'Saint Kitts and Nevis at the 2020 Summer Olympics'>
686,<WikipediaPage 'Canoeing at the 2020 Summer Olympics'>
687,<WikipediaPage 'Mongolia at the 2020 Summer Olympics'>
688,<WikipediaPage 'Skateboarding at the 2020 Summer Olympics'>
689,<WikipediaPage 'Poland at the 2020 Summer Olympics'>
690,<WikipediaPage 'France at the 2020 Summer Olympics'>
691,<WikipediaPage 'North Macedonia at the 2020 Summer Olympics'>
692,<WikipediaPage 'Croatia at the 2020 Summer Olympics'>
693,<WikipediaPage 'South Sudan at the 2020 Summer Olympics'>
694,<WikipediaPage 'Liechtenstein at the 2020 Summer Olympics'>
695,<WikipediaPage 'Germany at the 2020 Summer Olympics'>
696,<WikipediaPage 'Volleyball at the 2020 Summer Olympics – Women's qualification'>
697,<WikipediaPage 'Basketball at the 2020 Summer Olympics – Women's qualification'>
698,<WikipediaPage 'Puerto Rico at the 2020 Summer Olympics'>
699,<WikipediaPage 'Senegal at the 2020 Summer Olympics'>
700,<WikipediaPage 'Softball at the 2020 Summer Olympics'>
701,<WikipediaPage 'Sudan at the 2020 Summer Olympics'>
702,<WikipediaPage 'Mexico at the 2020 Summer Olympics'>
703,<WikipediaPage 'Malawi at the 2020 Summer Olympics'>
704,<WikipediaPage '2020 Summer Olympics marketing'>
705,<WikipediaPage 'Mario & Sonic at the Olympic Games Tokyo 2020'>
706,<WikipediaPage 'Nauru at the 2020 Summer Olympics'>
707,<WikipediaPage 'Tokyo bid for the 2020 Summer Olympics'>
708,<WikipediaPage 'Malaysia at the 2020 Summer Olympics'>
709,<WikipediaPage 'Tajikistan at the 2020 Summer Olympics'>
710,<WikipediaPage 'Chronological summary of the 2020 Summer Olympics'>
711,<WikipediaPage 'Djibouti at the 2020 Summer Olympics'>
712,<WikipediaPage 'Morocco at the 2020 Summer Olympics'>
713,<WikipediaPage 'Slovakia at the 2020 Summer Olympics'>
714,<WikipediaPage 'Field hockey at the 2020 Summer Olympics – Men's qualification'>
715,<WikipediaPage 'Ukraine at the 2020 Summer Olympics'>
716,<WikipediaPage 'Niger at the 2020 Summer Olympics'>
717,<WikipediaPage 'Barbados at the 2020 Summer Olympics'>
718,<WikipediaPage 'Estonia at the 2020 Summer Olympics'>
719,<WikipediaPage 'Golf at the 2020 Summer Olympics – Qualification'>
720,<WikipediaPage 'Athletics at the 2020 Summer Olympics – Women's 100 metres'>
721,<WikipediaPage 'Mali at the 2020 Summer Olympics'>
722,<WikipediaPage 'IOC Refugee Olympic Team at the 2020 Summer Olympics'>
723,<WikipediaPage 'Kenya at the 2020 Summer Olympics'>
724,<WikipediaPage 'Karate at the 2020 Summer Olympics'>
725,<WikipediaPage 'Basketball at the 2020 Summer Olympics – Men's qualification'>
726,<WikipediaPage 'United States at the 2020 Summer Olympics'>
727,<WikipediaPage '2020 United States Olympic trials (swimming)'>
728,<WikipediaPage 'Honduras at the 2020 Summer Olympics'>
729,<WikipediaPage 'Boxing at the 2020 Summer Olympics – Qualification'>
730,<WikipediaPage 'Dominican Republic at the 2020 Summer Olympics'>
731,<WikipediaPage 'Dominica at the 2020 Summer Olympics'>
732,<WikipediaPage 'Swimming at the 2020 Summer Olympics'>
733,<WikipediaPage 'Vietnam at the 2020 Summer Olympics'>
734,<WikipediaPage 'Algeria at the 2020 Summer Olympics'>
735,<WikipediaPage 'Latvia at the 2020 Summer Olympics'>
736,<WikipediaPage 'Field hockey at the 2020 Summer Olympics – Women's qualification'>
737,<WikipediaPage 'Zambia at the 2020 Summer Olympics'>
738,<WikipediaPage 'Sierra Leone at the 2020 Summer Olympics'>
739,<WikipediaPage 'Moldova at the 2020 Summer Olympics'>
740,<WikipediaPage 'Belarus 2020 Summer Olympics scandal'>
741,<WikipediaPage 'Iceland at the 2020 Summer Olympics'>
742,<WikipediaPage 'Bahrain at the 2020 Summer Olympics'>
743,<WikipediaPage 'Peru at the 2020 Summer Olympics'>
744,<WikipediaPage 'Diving at the 2020 Summer Olympics'>
745,<WikipediaPage 'Artistic swimming at the 2020 Summer Olympics – Qualification'>
746,<WikipediaPage 'Georgia at the 2020 Summer Olympics'>
747,<WikipediaPage 'Rugby sevens at the 2020 Summer Olympics – Men's qualification'>
748,<WikipediaPage 'Suriname at the 2020 Summer Olympics'>
749,<WikipediaPage 'Concerns and controversies at the 2020 Summer Olympics'>
750,<WikipediaPage 'Rome bid for the 2020 Summer Olympics'>
751,<WikipediaPage 'Bangladesh at the 2020 Summer Olympics'>
752,<WikipediaPage 'Azerbaijan at the 2020 Summer Olympics'>
753,<WikipediaPage 'Virgin Islands at the 2020 Summer Olympics'>
754,<WikipediaPage 'Israel at the 2020 Summer Olympics'>
755,<WikipediaPage 'Water polo at the 2020 Summer Olympics – Women's qualification'>
756,<WikipediaPage 'Democratic Republic of the Congo at the 2020 Summer Olympics'>
757,<WikipediaPage 'Vanuatu at the 2020 Summer Olympics'>
758,<WikipediaPage 'Football at the 2020 Summer Olympics – Women's qualification'>
759,<WikipediaPage 'Indonesia at the 2020 Summer Olympics'>
760,<WikipediaPage 'Lithuania at the 2020 Summer Olympics'>
761,<WikipediaPage 'Badminton at the 2020 Summer Olympics'>
762,<WikipediaPage 'Namibia at the 2020 Summer Olympics'>
763,<WikipediaPage 'American Samoa at the 2020 Summer Olympics'>
764,<WikipediaPage 'Luxembourg at the 2020 Summer Olympics'>
765,<WikipediaPage 'Beach volleyball at the 2020 Summer Olympics – Men's qualification'>
766,<WikipediaPage 'Weightlifting at the 2020 Summer Olympics – Qualification'>
767,<WikipediaPage 'Paraguay at the 2020 Summer Olympics'>
768,<WikipediaPage 'Saint Lucia at the 2020 Summer Olympics'>
769,<WikipediaPage 'Norway at the 2020 Summer Olympics'>
770,<WikipediaPage 'Rugby sevens at the 2020 Summer Olympics – Women's qualification'>
771,<WikipediaPage '2020 Summer Olympics torch relay'>
772,<WikipediaPage 'List of Olympic torch relays'>
773,<WikipediaPage 'Rowing at the 2020 Summer Olympics'>
774,<WikipediaPage 'Venezuela at the 2020 Summer Olympics'>
775,<WikipediaPage 'Somalia at the 2020 Summer Olympics'>
776,<WikipediaPage 'Cameroon at the 2020 Summer Olympics'>
777,<WikipediaPage 'Burkina Faso at the 2020 Summer Olympics'>
778,<WikipediaPage 'Cook Islands at the 2020 Summer Olympics'>
779,<WikipediaPage 'Guinea-Bissau at the 2020 Summer Olympics'>
780,<WikipediaPage 'Slovenia at the 2020 Summer Olympics'>
781,<WikipediaPage 'Baseball at the 2020 Summer Olympics'>
782,<WikipediaPage 'Turkey at the 2020 Summer Olympics'>
783,<WikipediaPage 'Botswana at the 2020 Summer Olympics'>
784,<WikipediaPage 'Sweden at the 2020 Summer Olympics'>
785,<WikipediaPage 'Madrid bid for the 2020 Summer Olympics'>
786,<WikipediaPage 'Montenegro at the 2020 Summer Olympics'>
787,<WikipediaPage 'Andorra at the 2020 Summer Olympics'>
788,<WikipediaPage 'Albania at the 2020 Summer Olympics'>
789,<WikipediaPage 'Basketball at the 2020 Summer Olympics – Women's 3x3 qualification'>
790,<WikipediaPage 'Pakistan at the 2020 Summer Olympics'>
791,<WikipediaPage 'East Timor at the 2020 Summer Olympics'>
792,<WikipediaPage 'Miraitowa and Someity'>
793,<WikipediaPage 'Bolivia at the 2020 Summer Olympics'>
794,<WikipediaPage 'Aruba at the 2020 Summer Olympics'>
795,<WikipediaPage 'Burundi at the 2020 Summer Olympics'>
796,<WikipediaPage 'China at the 2020 Summer Olympics'>
797,<WikipediaPage 'British Virgin Islands at the 2020 Summer Olympics'>
798,<WikipediaPage 'United Arab Emirates at the 2020 Summer Olympics'>
799,<WikipediaPage 'Canada at the 2020 Summer Olympics'>
800,<WikipediaPage 'São Tomé and Príncipe at the 2020 Summer Olympics'>
801,<WikipediaPage 'Comoros at the 2020 Summer Olympics'>
802,<WikipediaPage 'Mozambique at the 2020 Summer Olympics'>
803,<WikipediaPage 'Diving at the 2020 Summer Olympics – Qualification'>
804,<WikipediaPage 'Egypt at the 2020 Summer Olympics'>
805,<WikipediaPage 'Kuwait at the 2020 Summer Olympics'>
806,<WikipediaPage 'Sri Lanka at the 2020 Summer Olympics'>
807,<WikipediaPage 'Austria at the 2020 Summer Olympics'>
808,<WikipediaPage 'Basketball at the 2020 Summer Olympics – Men's 3x3 qualification'>
809,<WikipediaPage 'Afghanistan at the 2020 Summer Olympics'>
810,<WikipediaPage 'Italy at the 2020 Summer Olympics'>
811,<WikipediaPage 'Mauritius at the 2020 Summer Olympics'>
812,<WikipediaPage 'Belarus at the 2020 Summer Olympics'>
813,<WikipediaPage 'Shooting at the 2020 Summer Olympics – Qualification'>
814,<WikipediaPage 'Kazakhstan at the 2020 Summer Olympics'>
815,<WikipediaPage 'Republic of the Congo at the 2020 Summer Olympics'>
816,<WikipediaPage 'Palestine at the 2020 Summer Olympics'>
817,<WikipediaPage 'Saint Vincent and the Grenadines at the 2020 Summer Olympics'>
818,<WikipediaPage 'Lesotho at the 2020 Summer Olympics'>
819,<WikipediaPage 'Modern pentathlon at the 2020 Summer Olympics'>
820,<WikipediaPage 'Portugal at the 2020 Summer Olympics'>
821,<WikipediaPage 'Malta at the 2020 Summer Olympics'>
822,<WikipediaPage 'Turkmenistan at the 2020 Summer Olympics'>
823,<WikipediaPage 'Marshall Islands at the 2020 Summer Olympics'>
824,<WikipediaPage 'Zimbabwe at the 2020 Summer Olympics'>
825,<WikipediaPage 'Thailand at the 2020 Summer Olympics'>
826,<WikipediaPage 'Bermuda at the 2020 Summer Olympics'>
827,<WikipediaPage '2020 European Boxing Olympic Qualification Tournament'>
828,<WikipediaPage '2020 AFC Women's Olympic Qualifying Tournament'>
829,<WikipediaPage 'Tennis at the 2020 Summer Olympics'>
830,<WikipediaPage 'Tennis at the 2020 Summer Olympics – Day-by-day summaries'>
831,<WikipediaPage 'Brunei at the 2020 Summer Olympics'>
832,<WikipediaPage 'Colombia at the 2020 Summer Olympics'>
833,<WikipediaPage 'Fencing at the 2020 Summer Olympics – Qualification'>
834,<WikipediaPage 'Archery at the 2020 Summer Olympics – Qualification'>
835,<WikipediaPage 'Artistic swimming at the 2020 Summer Olympics'>
836,<WikipediaPage 'Eswatini at the 2020 Summer Olympics'>
837,<WikipediaPage 'Spain at the 2020 Summer Olympics'>
838,<WikipediaPage 'Equestrian at the 2020 Summer Olympics'>
839,<WikipediaPage 'Boxing at the 2020 Summer Olympics'>
840,<WikipediaPage 'Doha bid for the 2020 Summer Olympics'>
841,<WikipediaPage 'Serbia at the 2020 Summer Olympics'>
842,<WikipediaPage 'Ghana at the 2020 Summer Olympics'>
843,<WikipediaPage 'Singapore at the 2020 Summer Olympics'>
844,<WikipediaPage 'Trinidad and Tobago at the 2020 Summer Olympics'>
845,<WikipediaPage 'Iraq at the 2020 Summer Olympics'>
846,<WikipediaPage 'Bahamas at the 2020 Summer Olympics'>
847,<WikipediaPage 'Brazil at the 2020 Summer Olympics'>
848,<WikipediaPage 'Canoeing at the 2020 Summer Olympics – Qualification'>
849,<WikipediaPage 'Benin at the 2020 Summer Olympics'>
850,<WikipediaPage 'The Gambia at the 2020 Summer Olympics'>
851,<WikipediaPage 'Hungary at the 2020 Summer Olympics'>
852,<WikipediaPage 'Football at the 2020 Summer Olympics – Men's qualification'>
853,<WikipediaPage 'Armenia at the 2020 Summer Olympics'>
854,<WikipediaPage 'Seychelles at the 2020 Summer Olympics'>
855,<WikipediaPage 'Uzbekistan at the 2020 Summer Olympics'>
856,<WikipediaPage 'Laos at the 2020 Summer Olympics'>
857,<WikipediaPage 'Cyprus at the 2020 Summer Olympics'>
858,<WikipediaPage 'Sailing at the 2020 Summer Olympics – Qualification'>
859,<WikipediaPage 'Ecuador at the 2020 Summer Olympics'>
860,<WikipediaPage 'Chad at the 2020 Summer Olympics'>
861,<WikipediaPage 'Ivory Coast at the 2020 Summer Olympics'>
862,<WikipediaPage '2020 Asia & Oceania Boxing Olympic Qualification Tournament'>
863,<WikipediaPage 'Nepal at the 2020 Summer Olympics'>
864,<WikipediaPage 'Eritrea at the 2020 Summer Olympics'>
865,<WikipediaPage 'Basketball at the 2020 Summer Olympics'>
866,<WikipediaPage 'Papua New Guinea at the 2020 Summer Olympics'>
867,<WikipediaPage 'Qatar at the 2020 Summer Olympics'>
868,<WikipediaPage 'Romania at the 2020 Summer Olympics'>
869,<WikipediaPage 'Rowing at the 2020 Summer Olympics – Qualification'>
870,<WikipediaPage 'Beach volleyball at the 2020 Summer Olympics – Women's qualification'>
871,<WikipediaPage 'Belgium at the 2020 Summer Olympics'>
872,<WikipediaPage 'Federated States of Micronesia at the 2020 Summer Olympics'>
873,<WikipediaPage 'Lebanon at the 2020 Summer Olympics'>
874,<WikipediaPage 'Hong Kong at the 2020 Summer Olympics'>
875,<WikipediaPage 'South Africa at the 2020 Summer Olympics'>
876,<WikipediaPage 'Equatorial Guinea at the 2020 Summer Olympics'>
877,<WikipediaPage 'Cambodia at the 2020 Summer Olympics'>
878,<WikipediaPage 'Softball at the 2020 Summer Olympics – Qualification'>
879,<WikipediaPage 'Table tennis at the 2020 Summer Olympics – Qualification'>
880,<WikipediaPage 'Netherlands at the 2020 Summer Olympics'>
881,<WikipediaPage 'Cuba at the 2020 Summer Olympics'>
882,<WikipediaPage 'Cycling at the 2020 Summer Olympics – Qualification'>
883,<WikipediaPage 'Tuvalu at the 2020 Summer Olympics'>
884,<WikipediaPage 'Central African Republic at the 2020 Summer Olympics'>
885,<WikipediaPage 'Table tennis at the 2020 Summer Olympics'>
886,<WikipediaPage 'Jamaica at the 2020 Summer Olympics'>
887,<WikipediaPage 'Istanbul bid for the 2020 Summer Olympics'>
888,<WikipediaPage 'Kosovo at the 2020 Summer Olympics'>
889,<WikipediaPage 'Water polo at the 2020 Summer Olympics – Men's qualification'>
890,<WikipediaPage '2020 Summer Olympics opening ceremony'>
891,<WikipediaPage 'Cayman Islands at the 2020 Summer Olympics'>
892,<WikipediaPage 'Field hockey at the 2020 Summer Olympics'>
893,<WikipediaPage 'Samoa at the 2020 Summer Olympics'>
894,<WikipediaPage 'Ethiopia at the 2020 Summer Olympics'>
895,<WikipediaPage 'Panama at the 2020 Summer Olympics'>
896,<WikipediaPage 'Bhutan at the 2020 Summer Olympics'>
897,<WikipediaPage 'Argentina at the 2020 Summer Olympics'>
898,<WikipediaPage 'Football at the 2020 Summer Olympics'>
899,<WikipediaPage 'Grenada at the 2020 Summer Olympics'>
900,<WikipediaPage 'Angola at the 2020 Summer Olympics'>
